image,NLBPresent
DSC00025.JPG,1
DSC00026.JPG,1
DSC00027.JPG,0
DSC00028.JPG,1
DSC00029.JPG,0
DSC00030.JPG,0
DSC00031.JPG,1
DSC00032.JPG,1
DSC00033.JPG,1
DSC00034.JPG,1
DSC00035.JPG,0
DSC00036.JPG,0
DSC00037.JPG,0
DSC00038.JPG,0
DSC00039.JPG,0
DSC00040.JPG,0
DSC00041.JPG,1
DSC00042.JPG,1
DSC00043.JPG,1
DSC00044.JPG,0
DSC00045.JPG,1
DSC00046.JPG,1
DSC00047.JPG,0
DSC00048.JPG,0
DSC00049.JPG,0
DSC00050.JPG,1
DSC00076.JPG,1
DSC00077.JPG,0
DSC00078.JPG,0
DSC00079.JPG,0
DSC00080.JPG,0
DSC00081.JPG,0
DSC00082.JPG,0
DSC00083.JPG,0
DSC00084.JPG,0
DSC00085.JPG,0
DSC00086.JPG,0
DSC00088.JPG,1
DSC00089.JPG,1
DSC00090.JPG,1
DSC00091.JPG,1
DSC00092.JPG,0
DSC00093.JPG,0
DSC00094.JPG,1
DSC00095.JPG,0
DSC00096.JPG,0
DSC00097.JPG,0
DSC00098.JPG,0
DSC00099.JPG,0
DSC00100.JPG,1
DSC00101.JPG,0
DSC00102.JPG,0
DSC00103.JPG,1
DSC00104.JPG,1
DSC00105.JPG,0
DSC00106.JPG,1
DSC00107.JPG,0
DSC00108.JPG,1
DSC00109.JPG,1
DSC00110.JPG,1
DSC00111.JPG,0
DSC00116.JPG,1
DSC00117.JPG,1
DSC00118.JPG,1
DSC00119.JPG,0
DSC00120.JPG,1
DSC00121.JPG,1
DSC00122.JPG,1
DSC00123.JPG,0
DSC00124.JPG,1
DSC00125.JPG,1
DSC00130.JPG,0
DSC00131.JPG,1
DSC00132.JPG,1
DSC00133.JPG,1
DSC00134.JPG,0
DSC00136.JPG,0
DSC00137.JPG,1
DSC00138.JPG,1
DSC00139.JPG,1
DSC00140.JPG,1
DSC00141.JPG,1
DSC00143.JPG,1
DSC00144.JPG,1
DSC00145.JPG,1
DSC00146.JPG,1
DSC00148.JPG,1
DSC00149.JPG,1
DSC00150.JPG,0
DSC00151.JPG,0
DSC00152.JPG,0
DSC00153.JPG,1
DSC00154.JPG,1
DSC00155.JPG,0
DSC00156.JPG,0
DSC00157.JPG,0
DSC00158.JPG,0
DSC00159.JPG,0
DSC00160.JPG,1
DSC00161.JPG,1
DSC00162.JPG,0
DSC00163.JPG,0
DSC00164.JPG,1
DSC00165.JPG,0
DSC00167.JPG,1
DSC00168.JPG,1
DSC00169.JPG,0
DSC00170.JPG,1
DSC00171.JPG,1
DSC00172.JPG,1
DSC00173.JPG,1
DSC00174.JPG,1
DSC00175.JPG,0
DSC00176.JPG,1
DSC00177.JPG,0
DSC00178.JPG,0
DSC00179.JPG,1
DSC00183.JPG,1
DSC00184.JPG,1
DSC00185.JPG,1
DSC00188.JPG,0
DSC00189.JPG,1
DSC00190.JPG,1
DSC00191.JPG,1
DSC00193.JPG,1
DSC00194.JPG,1
DSC00195.JPG,1
DSC00196.JPG,1
DSC00197.JPG,1
DSC00198.JPG,0
DSC00199.JPG,1
DSC00200.JPG,1
DSC00201.JPG,1
DSC00202.JPG,1
DSC00203.JPG,1
DSC00204.JPG,0
DSC00205.JPG,1
DSC00206.JPG,0
DSC00207.JPG,1
DSC00208.JPG,0
DSC00209.JPG,0
DSC00210.JPG,1
DSC00211.JPG,1
DSC00212.JPG,1
DSC00213.JPG,1
DSC00214.JPG,1
DSC00215.JPG,1
DSC00216.JPG,1
DSC00217.JPG,1
DSC00218.JPG,1
DSC00219.JPG,1
DSC00220.JPG,1
DSC00221.JPG,1
DSC00222.JPG,1
DSC00223.JPG,1
DSC00224.JPG,1
DSC00225.JPG,1
DSC00226.JPG,1
DSC00227.JPG,1
DSC00228.JPG,1
DSC00229.JPG,1
DSC00230.JPG,1
DSC00231.JPG,0
DSC00232.JPG,1
DSC00233.JPG,1
DSC00234.JPG,1
DSC00235.JPG,1
DSC00236.JPG,1
DSC00237.JPG,1
DSC00238.JPG,1
DSC00239.JPG,1
DSC00240.JPG,1
DSC00241.JPG,0
DSC00242.JPG,1
DSC00243.JPG,1
DSC00244.JPG,1
DSC00245.JPG,1
DSC00256.JPG,0
DSC00257.JPG,1
DSC00258.JPG,1
DSC00259.JPG,1
DSC00260.JPG,1
DSC00264.JPG,0
DSC00265.JPG,0
DSC00266.JPG,0
DSC00267.JPG,0
DSC00268.JPG,0
DSC00269.JPG,1
DSC00270.JPG,1
DSC00271.JPG,1
DSC00272.JPG,0
DSC00273.JPG,1
DSC00274.JPG,1
DSC00275.JPG,1
DSC00299.JPG,1
DSC00300.JPG,0
DSC00301.JPG,1
DSC00302.JPG,0
DSC00303.JPG,0
DSC00304.JPG,1
DSC00305.JPG,0
DSC00306.JPG,0
DSC00307.JPG,1
DSC00308.JPG,0
DSC00309.JPG,1
DSC00310.JPG,1
DSC00311.JPG,1
DSC00312.JPG,1
DSC00313.JPG,0
DSC00314.JPG,1
DSC00315.JPG,1
DSC00316.JPG,0
DSC00317.JPG,1
DSC00318.JPG,1
DSC00319.JPG,1
DSC00320.JPG,0
DSC00321.JPG,0
DSC00322.JPG,0
DSC00323.JPG,0
DSC00324.JPG,1
DSC00325.JPG,1
DSC00326.JPG,1
DSC00327.JPG,1
DSC00328.JPG,1
DSC00329.JPG,1
DSC00330.JPG,1
DSC00331.JPG,0
DSC00332.JPG,0
DSC00333.JPG,1
DSC00334.JPG,1
DSC00335.JPG,1
DSC00336.JPG,1
DSC00337.JPG,1
DSC00338.JPG,0
DSC00339.JPG,1
DSC00340.JPG,1
DSC00341.JPG,0
DSC00342.JPG,1
DSC00343.JPG,1
DSC00344.JPG,1
DSC00345.JPG,1
DSC00346.JPG,1
DSC00347.JPG,0
DSC00348.JPG,1
DSC00349.JPG,1
DSC00350.JPG,1
DSC00351.JPG,1
DSC00352.JPG,1
DSC00353.JPG,1
DSC00354.JPG,1
DSC00355.JPG,1
DSC00356.JPG,1
DSC00357.JPG,1
DSC00358.JPG,1
DSC00359.JPG,1
DSC00360.JPG,1
DSC00361.JPG,1
DSC00362.JPG,0
DSC00455.JPG,1
DSC00456.JPG,1
DSC00457.JPG,0
DSC00470.JPG,1
DSC00471.JPG,1
DSC00472.JPG,1
DSC00473.JPG,0
DSC00474.JPG,0
DSC00476.JPG,0
DSC00477.JPG,1
DSC00478.JPG,0
DSC00479.JPG,1
DSC00480.JPG,1
DSC00481.JPG,0
DSC00482.JPG,0
DSC00483.JPG,0
DSC00484.JPG,1
DSC00485.JPG,1
DSC00486.JPG,1
DSC00487.JPG,1
DSC00488.JPG,1
DSC00489.JPG,0
DSC00490.JPG,0
DSC00491.JPG,1
DSC00492.JPG,0
DSC00493.JPG,0
DSC00494.JPG,0
DSC00495.JPG,1
DSC00496.JPG,1
DSC00497.JPG,0
DSC00498.JPG,1
DSC00499.JPG,0
DSC00501.JPG,1
DSC00502.JPG,0
DSC00503.JPG,0
DSC00504.JPG,0
DSC00505.JPG,1
DSC00506.JPG,1
DSC00508.JPG,1
DSC00510.JPG,0
DSC00511.JPG,1
DSC00512.JPG,1
DSC00513.JPG,0
DSC00514.JPG,0
DSC00515.JPG,1
DSC00516.JPG,1
DSC00517.JPG,1
DSC00518.JPG,1
DSC00524.JPG,1
DSC00525.JPG,1
DSC00526.JPG,1
DSC00528.JPG,0
DSC00529.JPG,1
DSC00530.JPG,1
DSC00531.JPG,1
DSC00532.JPG,1
DSC00533.JPG,1
DSC00535.JPG,1
DSC00536.JPG,1
DSC00537.JPG,1
DSC00538.JPG,0
DSC00539.JPG,1
DSC00540.JPG,1
DSC00541.JPG,1
DSC00542.JPG,1
DSC00543.JPG,0
DSC00544.JPG,0
DSC00545.JPG,0
DSC00546.JPG,0
DSC00547.JPG,0
DSC00548.JPG,0
DSC00549.JPG,0
DSC00550.JPG,0
DSC00551.JPG,0
DSC00552.JPG,0
DSC00553.JPG,0
DSC00554.JPG,0
DSC00555.JPG,0
DSC00556.JPG,0
DSC03022.JPG,1
DSC03023.JPG,1
DSC03024.JPG,1
DSC03025.JPG,0
DSC03026.JPG,1
DSC03027.JPG,1
DSC03028.JPG,1
DSC03029.JPG,1
DSC03030.JPG,1
DSC03031.JPG,1
DSC03032.JPG,1
DSC03033.JPG,1
DSC03034.JPG,1
DSC03035.JPG,1
DSC03036.JPG,1
DSC03037.JPG,1
DSC03038.JPG,1
DSC03039.JPG,1
DSC03040.JPG,1
DSC03041.JPG,1
DSC03042.JPG,1
DSC03043.JPG,1
DSC03044.JPG,1
DSC03045.JPG,1
DSC03046.JPG,1
DSC03047.JPG,1
DSC03048.JPG,1
DSC03049.JPG,1
DSC03050.JPG,1
DSC03051.JPG,1
DSC03052.JPG,1
DSC03053.JPG,1
DSC03054.JPG,1
DSC03055.JPG,1
DSC03056.JPG,1
DSC03057.JPG,1
DSC03058.JPG,1
DSC03059.JPG,1
DSC03060.JPG,1
DSC03061.JPG,1
DSC03062.JPG,1
DSC03063.JPG,1
DSC03064.JPG,1
DSC03065.JPG,1
DSC03066.JPG,1
DSC03067.JPG,1
DSC03068.JPG,1
DSC03069.JPG,1
DSC03070.JPG,1
DSC03071.JPG,1
DSC03072.JPG,1
DSC03073.JPG,1
DSC03074.JPG,1
DSC03075.JPG,1
DSC03076.JPG,1
DSC03077.JPG,1
DSC03078.JPG,1
DSC03079.JPG,1
DSC03080.JPG,1
DSC03081.JPG,1
DSC03082.JPG,1
DSC03083.JPG,1
DSC03084.JPG,1
DSC03085.JPG,1
DSC03086.JPG,1
DSC03087.JPG,1
DSC03088.JPG,1
DSC03089.JPG,1
DSC03090.JPG,1
DSC03091.JPG,1
DSC03092.JPG,1
DSC03093.JPG,1
DSC03094.JPG,1
DSC03095.JPG,1
DSC03096.JPG,1
DSC03097.JPG,1
DSC03098.JPG,1
DSC03099.JPG,1
DSC03100.JPG,1
DSC03101.JPG,1
DSC03102.JPG,1
DSC03103.JPG,1
DSC03104.JPG,1
DSC03105.JPG,1
DSC03106.JPG,1
DSC03107.JPG,1
DSC03108.JPG,1
DSC03109.JPG,1
DSC03110.JPG,1
DSC03111.JPG,1
DSC03112.JPG,1
DSC03113.JPG,1
DSC03114.JPG,1
DSC03115.JPG,1
DSC03116.JPG,1
DSC03117.JPG,1
DSC03118.JPG,1
DSC03119.JPG,1
DSC03120.JPG,1
DSC03121.JPG,1
DSC03122.JPG,1
DSC03123.JPG,1
DSC03124.JPG,1
DSC03125.JPG,1
DSC03126.JPG,1
DSC03127.JPG,1
DSC03128.JPG,1
DSC03129.JPG,1
DSC03130.JPG,1
DSC03131.JPG,1
DSC03132.JPG,1
DSC03133.JPG,1
DSC03134.JPG,1
DSC03135.JPG,1
DSC03136.JPG,1
DSC03137.JPG,1
DSC03138.JPG,1
DSC03139.JPG,1
DSC03140.JPG,1
DSC03141.JPG,1
DSC03143.JPG,1
DSC03144.JPG,1
DSC03145.JPG,1
DSC03146.JPG,1
DSC03147.JPG,1
DSC03148.JPG,1
DSC03149.JPG,1
DSC03150.JPG,1
DSC03151.JPG,1
DSC03152.JPG,1
DSC03153.JPG,1
DSC03154.JPG,1
DSC03155.JPG,1
DSC03156.JPG,1
DSC03157.JPG,1
DSC03158.JPG,1
DSC03159.JPG,1
DSC03160.JPG,1
DSC03161.JPG,1
DSC03162.JPG,1
DSC03163.JPG,1
DSC03164.JPG,1
DSC03165.JPG,1
DSC03166.JPG,1
DSC03167.JPG,1
DSC03168.JPG,1
DSC03169.JPG,1
DSC03170.JPG,1
DSC03171.JPG,1
DSC03172.JPG,1
DSC03173.JPG,1
DSC03174.JPG,1
DSC03175.JPG,1
DSC03177.JPG,1
DSC03178.JPG,1
DSC03179.JPG,1
DSC03180.JPG,1
DSC03181.JPG,1
DSC03183.JPG,1
DSC03184.JPG,1
DSC03187.JPG,1
DSC03189.JPG,1
DSC03190.JPG,1
DSC03192.JPG,1
DSC03193.JPG,1
DSC03194.JPG,1
DSC03195.JPG,1
DSC03196.JPG,1
DSC03197.JPG,1
DSC03198.JPG,1
DSC03617.JPG,0
DSC03618.JPG,0
DSC03619.JPG,0
DSC03620.JPG,0
DSC03621.JPG,0
DSC03622.JPG,0
DSC03623.JPG,0
DSC03624.JPG,0
DSC03625.JPG,0
DSC03626.JPG,0
DSC03627.JPG,0
DSC03628.JPG,0
DSC03629.JPG,0
DSC03630.JPG,0
DSC03631.JPG,0
DSC03632.JPG,0
DSC03633.JPG,0
DSC03634.JPG,0
DSC03635.JPG,0
DSC03636.JPG,0
DSC03637.JPG,0
DSC03638.JPG,0
DSC03639.JPG,0
DSC03640.JPG,0
DSC03641.JPG,0
DSC03642.JPG,0
DSC03643.JPG,0
DSC03644.JPG,0
DSC03645.JPG,0
DSC03646.JPG,0
DSC03647.JPG,0
DSC03648.JPG,0
DSC03649.JPG,0
DSC03650.JPG,0
DSC03651.JPG,0
DSC03652.JPG,0
DSC03653.JPG,0
DSC03654.JPG,0
DSC03655.JPG,0
DSC03656.JPG,0
DSC03657.JPG,0
DSC03658.JPG,0
DSC03659.JPG,0
DSC03661.JPG,0
DSC03662.JPG,0
DSC03663.JPG,0
DSC03664.JPG,0
DSC03665.JPG,0
DSC03666.JPG,0
DSC03667.JPG,0
DSC03668.JPG,0
DSC03669.JPG,0
DSC03670.JPG,0
DSC03671.JPG,0
DSC03672.JPG,0
DSC03673.JPG,0
DSC03674.JPG,0
DSC03675.JPG,0
DSC03676.JPG,0
DSC03677.JPG,0
DSC03678.JPG,0
DSC03679.JPG,0
DSC03680.JPG,0
DSC03681.JPG,0
DSC03682.JPG,0
DSC03683.JPG,0
DSC03684.JPG,0
DSC03685.JPG,0
DSC03686.JPG,0
DSC03687.JPG,0
DSC03688.JPG,0
DSC03689.JPG,0
DSC03690.JPG,0
DSC03691.JPG,0
DSC03692.JPG,0
DSC03693.JPG,0
DSC03694.JPG,0
DSC03695.JPG,0
DSC03696.JPG,0
DSC03697.JPG,0
DSC03698.JPG,0
DSC03699.JPG,0
DSC03700.JPG,0
DSC03701.JPG,0
DSC03702.JPG,0
DSC03703.JPG,0
DSC03704.JPG,0
DSC03705.JPG,0
DSC03706.JPG,0
DSC03707.JPG,0
DSC03708.JPG,0
DSC03709.JPG,0
DSC03710.JPG,0
DSC03711.JPG,0
DSC03712.JPG,0
DSC03713.JPG,0
DSC03714.JPG,0
DSC03715.JPG,0
DSC03716.JPG,0
DSC03717.JPG,0
DSC03718.JPG,0
DSC03719.JPG,0
DSC03720.JPG,0
DSC03721.JPG,0
DSC03722.JPG,0
DSC03723.JPG,0
DSC03724.JPG,0
DSC03725.JPG,0
DSC03726.JPG,0
DSC03727.JPG,0
DSC03728.JPG,0
DSC03729.JPG,0
DSC03730.JPG,0
DSC03731.JPG,0
DSC03732.JPG,0
DSC03733.JPG,0
DSC03734.JPG,0
DSC03735.JPG,0
DSC03736.JPG,0
DSC03737.JPG,0
DSC03738.JPG,0
DSC03739.JPG,0
DSC03740.JPG,0
DSC03741.JPG,0
DSC03742.JPG,0
DSC03743.JPG,0
DSC03744.JPG,0
DSC03745.JPG,0
DSC03746.JPG,0
DSC03747.JPG,0
DSC03748.JPG,0
DSC03749.JPG,0
DSC03750.JPG,0
DSC03751.JPG,0
DSC03752.JPG,0
DSC03753.JPG,0
DSC03754.JPG,0
DSC03755.JPG,0
DSC03756.JPG,0
DSC03757.JPG,0
DSC03758.JPG,0
DSC03759.JPG,0
DSC03760.JPG,0
DSC03761.JPG,0
DSC03762.JPG,0
DSC03763.JPG,0
DSC03764.JPG,0
DSC03765.JPG,0
DSC03766.JPG,0
DSC03767.JPG,0
DSC03768.JPG,0
DSC03769.JPG,0
DSC03770.JPG,0
DSC03771.JPG,0
DSC03772.JPG,0
DSC03773.JPG,0
DSC03774.JPG,0
DSC03775.JPG,0
DSC03776.JPG,0
DSC03777.JPG,0
DSC03778.JPG,0
DSC03779.JPG,0
DSC03780.JPG,0
DSC03781.JPG,0
DSC03782.JPG,0
DSC03783.JPG,0
DSC03784.JPG,0
DSC03785.JPG,0
DSC03786.JPG,0
DSC03787.JPG,0
DSC03788.JPG,0
DSC03789.JPG,0
DSC03790.JPG,0
DSC03791.JPG,0
DSC03792.JPG,0
DSC03793.JPG,0
DSC03794.JPG,0
DSC03795.JPG,0
DSC03796.JPG,0
DSC03797.JPG,0
DSC03798.JPG,0
DSC03799.JPG,0
DSC03800.JPG,0
DSC03801.JPG,0
DSC03802.JPG,0
DSC03803.JPG,0
DSC03804.JPG,0
DSC03805.JPG,0
DSC03806.JPG,0
DSC03807.JPG,0
DSC03808.JPG,0
DSC03809.JPG,0
DSC03810.JPG,0
DSC03811.JPG,0
DSC03812.JPG,0
DSC03813.JPG,0
DSC03814.JPG,0
DSC03815.JPG,0
DSC03816.JPG,0
DSC03817.JPG,0
DSC03818.JPG,0
DSC03819.JPG,0
DSC03820.JPG,0
DSC03821.JPG,0
DSC03822.JPG,0
DSC03823.JPG,0
DSC03824.JPG,0
DSC03825.JPG,0
DSC03826.JPG,0
DSC03827.JPG,0
DSC03828.JPG,0
DSC03829.JPG,0
DSC03830.JPG,0
DSC03831.JPG,0
DSC03832.JPG,0
DSC03833.JPG,0
DSC03834.JPG,0
DSC03835.JPG,0
DSC03836.JPG,0
DSC03837.JPG,0
DSC03838.JPG,0
DSC03839.JPG,0
DSC03840.JPG,0
DSC03841.JPG,0
DSC03842.JPG,0
DSC03843.JPG,0
DSC03844.JPG,0
DSC03845.JPG,0
DSC03846.JPG,0
DSC03847.JPG,0
DSC03848.JPG,0
DSC03849.JPG,0
DSC03850.JPG,0
DSC03851.JPG,0
DSC03852.JPG,0
DSC03853.JPG,0
DSC03854.JPG,0
DSC03855.JPG,0
DSC03856.JPG,0
DSC03857.JPG,0
DSC03858.JPG,0
DSC03859.JPG,0
DSC03860.JPG,0
DSC03861.JPG,0
DSC03862.JPG,0
DSC03863.JPG,0
DSC03864.JPG,0
DSC03865.JPG,0
DSC03866.JPG,0
DSC03867.JPG,0
DSC03868.JPG,0
DSC03869.JPG,0
DSC03870.JPG,0
DSC03871.JPG,0
DSC03872.JPG,0
DSC03873.JPG,0
DSC03874.JPG,0
DSC03875.JPG,0
DSC03876.JPG,0
DSC03877.JPG,0
DSC03878.JPG,0
DSC03879.JPG,0
DSC03880.JPG,0
DSC03881.JPG,0
DSC03882.JPG,0
DSC03883.JPG,0
DSC03884.JPG,0
DSC03885.JPG,0
DSC03886.JPG,0
DSC03887.JPG,0
DSC03888.JPG,0
DSC03889.JPG,0
DSC03890.JPG,0
DSC03891.JPG,0
DSC03892.JPG,0
DSC03893.JPG,0
DSC03894.JPG,0
DSC03895.JPG,0
DSC03896.JPG,0
DSC03897.JPG,0
DSC03898.JPG,0
DSC03899.JPG,0
DSC03900.JPG,0
DSC03901.JPG,0
DSC03902.JPG,0
DSC03903.JPG,0
DSC03904.JPG,0
DSC03905.JPG,0
DSC03906.JPG,0
DSC03907.JPG,0
DSC03908.JPG,0
DSC03909.JPG,0
DSC03910.JPG,0
DSC03911.JPG,0
DSC03912.JPG,0
DSC03913.JPG,0
DSC03914.JPG,0
DSC03915.JPG,0
DSC03916.JPG,0
DSC03917.JPG,0
DSC03918.JPG,0
DSC03919.JPG,0
DSC03920.JPG,0
DSC03921.JPG,0
DSC03922.JPG,0
DSC03923.JPG,0
DSC03924.JPG,0
DSC03925.JPG,0
DSC03926.JPG,0
DSC03927.JPG,0
DSC03928.JPG,0
DSC03929.JPG,0
DSC03930.JPG,0
DSC03931.JPG,0
DSC03932.JPG,0
DSC03933.JPG,0
DSC03934.JPG,0
DSC03935.JPG,0
DSC03936.JPG,0
DSC03937.JPG,0
DSC03938.JPG,0
DSC03939.JPG,0
DSC03940.JPG,0
DSC03941.JPG,0
DSC03942.JPG,0
DSC03943.JPG,0
DSC03944.JPG,0
DSC03945.JPG,0
DSC03946.JPG,0
DSC03947.JPG,0
DSC03948.JPG,0
DSC03949.JPG,0
DSC03950.JPG,0
DSC03951.JPG,0
DSC03952.JPG,0
DSC03953.JPG,0
DSC03954.JPG,0
DSC03955.JPG,0
DSC03956.JPG,0
DSC03957.JPG,0
DSC03958.JPG,0
DSC03959.JPG,0
DSC03960.JPG,0
DSC03961.JPG,0
DSC03962.JPG,0
DSC03963.JPG,0
DSC03964.JPG,0
DSC03965.JPG,0
DSC03966.JPG,0
DSC03967.JPG,0
DSC03968.JPG,0
DSC03969.JPG,0
DSC03970.JPG,0
DSC03971.JPG,0
DSC03972.JPG,0
DSC03973.JPG,0
DSC03974.JPG,0
DSC03975.JPG,0
DSC04599.JPG,0
DSC04600.JPG,0
DSC04601.JPG,0
DSC04602.JPG,0
DSC04603.JPG,0
DSC04604.JPG,0
DSC04605.JPG,0
DSC04606.JPG,0
DSC04607.JPG,0
DSC04608.JPG,0
DSC04609.JPG,0
DSC04610.JPG,0
DSC04611.JPG,0
DSC04612.JPG,0
DSC04613.JPG,0
DSC04614.JPG,0
DSC04615.JPG,0
DSC04616.JPG,0
DSC04617.JPG,0
DSC04618.JPG,0
DSC04619.JPG,0
DSC04620.JPG,0
DSC04621.JPG,0
DSC04622.JPG,0
DSC04623.JPG,0
DSC04624.JPG,0
DSC04625.JPG,0
DSC04626.JPG,0
DSC04627.JPG,0
DSC04628.JPG,0
DSC04629.JPG,0
DSC04630.JPG,0
DSC04631.JPG,0
DSC04632.JPG,0
DSC04633.JPG,0
DSC04634.JPG,0
DSC04635.JPG,0
DSC04636.JPG,0
DSC04637.JPG,0
DSC04638.JPG,0
DSC04639.JPG,0
DSC04640.JPG,0
DSC04641.JPG,0
DSC04642.JPG,0
DSC04643.JPG,0
DSC04644.JPG,0
DSC04645.JPG,0
DSC04646.JPG,0
DSC04647.JPG,0
DSC04648.JPG,0
DSC04649.JPG,0
DSC04650.JPG,0
DSC04652.JPG,0
DSC04653.JPG,0
DSC04654.JPG,0
DSC04655.JPG,0
DSC05183.JPG,0
DSC05184.JPG,0
DSC05185.JPG,0
DSC05186.JPG,0
DSC05187.JPG,0
DSC05188.JPG,0
DSC05189.JPG,0
DSC05190.JPG,0
DSC05191.JPG,0
DSC05192.JPG,0
DSC05193.JPG,0
DSC05194.JPG,0
DSC05195.JPG,0
DSC05196.JPG,0
DSC05197.JPG,0
DSC05198.JPG,0
DSC05199.JPG,0
DSC05200.JPG,0
DSC05201.JPG,0
DSC05202.JPG,0
DSC05203.JPG,0
DSC05204.JPG,0
DSC05205.JPG,0
DSC05206.JPG,0
DSC05207.JPG,0
DSC05208.JPG,0
DSC05209.JPG,0
DSC05210.JPG,0
DSC05211.JPG,0
DSC05212.JPG,0
DSC05213.JPG,0
DSC05214.JPG,0
DSC05215.JPG,0
DSC05216.JPG,0
DSC05217.JPG,0
DSC05218.JPG,0
DSC05219.JPG,0
DSC05220.JPG,0
DSC05221.JPG,0
DSC05222.JPG,0
DSC05223.JPG,0
DSC05224.JPG,0
DSC05225.JPG,0
DSC05226.JPG,0
DSC05227.JPG,0
DSC05228.JPG,0
DSC05229.JPG,0
DSC05230.JPG,0
DSC05231.JPG,0
DSC05232.JPG,0
DSC05233.JPG,0
DSC05235.JPG,0
DSC05236.JPG,0
DSC05237.JPG,0
DSC05238.JPG,0
DSC05239.JPG,0
DSC05240.JPG,0
DSC05241.JPG,0
DSC05242.JPG,0
DSC05243.JPG,0
DSC05244.JPG,0
DSC05245.JPG,0
DSC05246.JPG,0
DSC05247.JPG,0
DSC05248.JPG,0
DSC05249.JPG,0
DSC05250.JPG,0
DSC05251.JPG,0
DSC05252.JPG,0
DSC05253.JPG,0
DSC05254.JPG,0
DSC05255.JPG,0
DSC05256.JPG,0
DSC05258.JPG,0
DSC05259.JPG,0
DSC05260.JPG,0
DSC05261.JPG,0
DSC05262.JPG,0
DSC05263.JPG,0
DSC05264.JPG,0
DSC05265.JPG,0
DSC05266.JPG,0
DSC05267.JPG,0
DSC05268.JPG,0
DSC05269.JPG,0
DSC05270.JPG,0
DSC05271.JPG,0
DSC05272.JPG,0
DSC05273.JPG,0
DSC05274.JPG,0
DSC05275.JPG,0
DSC05276.JPG,0
DSC05277.JPG,0
DSC05278.JPG,0
DSC05279.JPG,0
DSC05280.JPG,0
DSC05281.JPG,0
DSC05282.JPG,0
DSC05283.JPG,0
DSC05284.JPG,0
DSC05285.JPG,0
DSC05286.JPG,0
DSC05287.JPG,0
DSC05288.JPG,0
DSC05289.JPG,0
DSC05290.JPG,0
DSC05291.JPG,0
DSC05292.JPG,0
DSC05293.JPG,0
DSC05294.JPG,0
DSC05295.JPG,0
DSC05296.JPG,0
DSC05297.JPG,0
DSC05298.JPG,0
DSC05299.JPG,0
DSC05300.JPG,0
DSC05301.JPG,0
DSC05302.JPG,0
DSC05303.JPG,0
DSC05304.JPG,0
DSC05305.JPG,0
DSC05306.JPG,0
DSC05307.JPG,0
DSC05308.JPG,0
DSC05309.JPG,0
DSC05310.JPG,0
DSC05311.JPG,0
DSC05312.JPG,0
DSC05313.JPG,0
DSC05314.JPG,0
DSC05315.JPG,0
DSC05316.JPG,0
DSC05317.JPG,0
DSC05318.JPG,0
DSC05319.JPG,0
DSC05320.JPG,0
DSC05321.JPG,0
DSC05322.JPG,0
DSC05323.JPG,0
DSC05324.JPG,0
DSC05325.JPG,0
DSC05326.JPG,0
DSC05327.JPG,0
DSC05328.JPG,0
DSC05329.JPG,0
DSC05330.JPG,0
DSC05331.JPG,0
DSC05332.JPG,0
DSC05333.JPG,0
DSC05334.JPG,0
DSC05335.JPG,0
DSC05336.JPG,0
DSC05337.JPG,0
DSC05338.JPG,0
DSC05339.JPG,0
DSC05340.JPG,0
DSC05341.JPG,0
DSC05342.JPG,0
DSC05343.JPG,0
DSC05344.JPG,0
DSC05345.JPG,0
DSC05346.JPG,0
DSC05347.JPG,0
DSC05348.JPG,0
DSC05349.JPG,0
DSC05351.JPG,1
DSC05352.JPG,1
DSC05353.JPG,1
DSC05354.JPG,1
DSC05355.JPG,1
DSC05356.JPG,1
DSC05357.JPG,1
DSC05358.JPG,1
DSC05359.JPG,1
DSC05360.JPG,1
DSC05361.JPG,1
DSC05362.JPG,1
DSC05363.JPG,1
DSC05364.JPG,1
DSC05365.JPG,1
DSC05366.JPG,1
DSC05367.JPG,1
DSC05368.JPG,1
DSC05369.JPG,1
DSC05370.JPG,1
DSC05371.JPG,1
DSC05372.JPG,1
DSC05373.JPG,1
DSC05374.JPG,1
DSC06331.JPG,1
DSC06332.JPG,1
DSC06333.JPG,1
DSC06334.JPG,1
DSC06335.JPG,1
DSC06336.JPG,1
DSC06337.JPG,1
DSC06338.JPG,1
DSC06339.JPG,1
DSC06340.JPG,1
DSC06341.JPG,1
DSC06342.JPG,1
DSC06343.JPG,1
DSC06344.JPG,1
DSC06345.JPG,1
DSC06346.JPG,1
DSC06347.JPG,1
DSC06348.JPG,1
DSC06349.JPG,1
DSC06350.JPG,1
DSC06351.JPG,1
DSC06352.JPG,1
DSC06353.JPG,1
DSC06354.JPG,1
DSC06355.JPG,1
DSC06356.JPG,1
DSC06357.JPG,1
DSC06358.JPG,1
DSC06359.JPG,1
DSC06360.JPG,1
DSC06361.JPG,1
DSC06362.JPG,1
DSC06363.JPG,1
DSC06364.JPG,1
DSC06365.JPG,1
DSC06366.JPG,1
DSC06367.JPG,1
DSC06368.JPG,1
DSC06369.JPG,1
DSC06370.JPG,1
DSC06371.JPG,1
DSC06372.JPG,1
DSC06373.JPG,1
DSC06374.JPG,1
DSC06375.JPG,1
DSC06376.JPG,1
DSC06377.JPG,1
DSC06378.JPG,1
DSC06379.JPG,1
DSC06380.JPG,1
DSC06381.JPG,1
DSC06382.JPG,1
DSC06383.JPG,1
DSC06384.JPG,1
DSC06385.JPG,1
DSC06386.JPG,1
DSC06387.JPG,1
DSC06388.JPG,1
DSC06389.JPG,1
DSC06390.JPG,1
DSC06391.JPG,1
DSC06392.JPG,1
DSC06393.JPG,1
DSC06394.JPG,1
DSC06395.JPG,1
DSC06396.JPG,1
DSC06397.JPG,1
DSC06398.JPG,1
DSC06399.JPG,1
DSC06400.JPG,1
DSC06401.JPG,1
DSC06402.JPG,1
DSC06403.JPG,1
DSC06404.JPG,1
DSC06405.JPG,1
DSC06406.JPG,1
DSC06407.JPG,1
DSC06408.JPG,1
DSC06409.JPG,1
DSC06410.JPG,1
DSC06411.JPG,1
DSC06412.JPG,1
DSC06413.JPG,1
DSC06414.JPG,1
DSC06415.JPG,1
DSC06416.JPG,1
DSC06417.JPG,1
DSC06418.JPG,1
DSC06419.JPG,1
DSC06420.JPG,1
DSC06421.JPG,1
DSC06422.JPG,1
DSC06423.JPG,1
DSC06424.JPG,1
DSC06425.JPG,1
DSC06426.JPG,1
DSC06427.JPG,1
DSC06428.JPG,1
DSC06429.JPG,1
DSC06430.JPG,1
DSC06431.JPG,1
DSC06432.JPG,1
DSC06433.JPG,1
DSC06434.JPG,1
DSC06435.JPG,1
DSC06436.JPG,1
DSC06437.JPG,1
DSC06438.JPG,1
DSC06439.JPG,1
DSC06440.JPG,1
DSC06441.JPG,1
DSC06442.JPG,1
DSC06443.JPG,1
DSC06444.JPG,1
DSC06445.JPG,1
DSC06446.JPG,1
DSC06447.JPG,1
DSC06448.JPG,1
DSC06449.JPG,1
DSC06450.JPG,1
DSC06451.JPG,1
DSC06452.JPG,1
DSC06453.JPG,1
DSC06455.JPG,1
DSC06456.JPG,1
DSC06457.JPG,1
DSC06458.JPG,1
DSC06460.JPG,1
DSC06461.JPG,1
DSC06462.JPG,1
DSC06463.JPG,1
DSC06464.JPG,1
DSC06465.JPG,1
DSC06466.JPG,1
DSC06467.JPG,1
DSC06468.JPG,1
DSC06469.JPG,1
DSC06470.JPG,1
DSC06471.JPG,1
DSC06472.JPG,1
DSC06473.JPG,1
DSC06474.JPG,1
DSC06475.JPG,1
DSC06476.JPG,1
DSC06477.JPG,1
DSC06478.JPG,1
DSC06479.JPG,1
DSC06480.JPG,1
DSC06481.JPG,1
DSC06482.JPG,1
DSC06483.JPG,1
DSC06484.JPG,1
DSC06485.JPG,1
DSC06486.JPG,1
DSC06487.JPG,1
DSC06488.JPG,1
DSC06489.JPG,1
DSC06490.JPG,1
DSC06491.JPG,1
DSC06492.JPG,1
DSC06493.JPG,1
DSC06494.JPG,1
DSC06495.JPG,1
DSC06496.JPG,1
DSC06497.JPG,1
DSC06498.JPG,1
DSC06499.JPG,1
DSC06500.JPG,1
DSC06501.JPG,1
DSC06502.JPG,1
DSC06503.JPG,1
DSC06504.JPG,1
DSC06505.JPG,1
DSC06506.JPG,1
DSC06507.JPG,1
DSC06508.JPG,1
DSC06509.JPG,1
DSC06511.JPG,1
DSC06512.JPG,1
DSC06513.JPG,1
DSC06514.JPG,1
DSC06515.JPG,1
DSC06516.JPG,1
DSC06517.JPG,1
DSC06518.JPG,1
DSC06519.JPG,1
DSC06520.JPG,1
DSC06521.JPG,1
DSC06522.JPG,1
DSC06523.JPG,1
DSC06524.JPG,1
DSC06525.JPG,1
DSC06526.JPG,1
DSC06527.JPG,1
DSC06528.JPG,1
DSC06529.JPG,1
DSC06530.JPG,1
DSC06531.JPG,1
DSC06532.JPG,1
DSC06533.JPG,1
DSC06534.JPG,1
DSC06535.JPG,1
DSC06536.JPG,1
DSC06537.JPG,1
DSC06538.JPG,1
DSC06539.JPG,1
DSC06540.JPG,1
DSC06541.JPG,1
DSC06542.JPG,1
DSC06543.JPG,1
DSC06544.JPG,1
DSC06545.JPG,1
DSC06546.JPG,1
DSC06547.JPG,1
DSC06548.JPG,1
DSC06549.JPG,1
DSC06550.JPG,1
DSC06551.JPG,1
DSC06552.JPG,1
DSC06553.JPG,1
DSC06554.JPG,1
DSC06555.JPG,1
DSC06556.JPG,1
DSC06557.JPG,1
DSC06558.JPG,1
DSC06559.JPG,1
DSC06560.JPG,1
DSC06561.JPG,1
DSC06562.JPG,1
DSC06563.JPG,1
DSC06564.JPG,1
DSC06565.JPG,1
DSC06566.JPG,1
DSC06567.JPG,1
DSC06568.JPG,1
DSC06569.JPG,1
DSC06570.JPG,1
DSC06571.JPG,1
DSC06572.JPG,1
DSC06573.JPG,1
DSC06574.JPG,1
DSC06575.JPG,1
DSC06576.JPG,1
DSC06577.JPG,1
DSC06578.JPG,1
DSC06579.JPG,1
DSC06580.JPG,1
DSC06581.JPG,1
DSC06582.JPG,1
DSC06583.JPG,1
DSC06584.JPG,1
DSC06585.JPG,1
DSC06586.JPG,1
DSC06587.JPG,1
DSC06588.JPG,1
DSC06589.JPG,1
DSC06590.JPG,1
DSC06591.JPG,1
DSC06592.JPG,1
DSC06593.JPG,1
DSC06594.JPG,1
DSC06595.JPG,1
DSC06596.JPG,1
DSC06597.JPG,1
DSC06598.JPG,1
DSC06599.JPG,1
DSC06600.JPG,1
DSC06601.JPG,1
DSC06602.JPG,1
DSC06603.JPG,1
DSC06604.JPG,1
DSC06605.JPG,1
DSC06606.JPG,1
DSC06607.JPG,1
DSC06608.JPG,1
DSC06609.JPG,1
DSC06610.JPG,1
DSC06611.JPG,1
DSC06612.JPG,1
DSC06613.JPG,1
DSC06614.JPG,1
DSC06615.JPG,1
DSC06616.JPG,1
DSC06617.JPG,1
DSC06618.JPG,1
DSC06619.JPG,1
DSC06620.JPG,1
DSC06621.JPG,1
DSC06622.JPG,1
DSC06623.JPG,1
DSC06624.JPG,1
DSC06625.JPG,1
DSC06626.JPG,1
DSC06627.JPG,1
DSC06628.JPG,1
DSC06629.JPG,1
DSC06630.JPG,1
DSC06631.JPG,1
DSC06632.JPG,1
DSC06633.JPG,1
DSC06634.JPG,1
DSC06635.JPG,1
DSC06636.JPG,1
DSC06637.JPG,1
DSC06638.JPG,1
DSC06639.JPG,1
DSC06640.JPG,1
DSC06641.JPG,1
DSC06642.JPG,1
DSC06643.JPG,1
DSC06644.JPG,1
DSC06645.JPG,1
DSC06646.JPG,1
DSC06647.JPG,1
DSC06648.JPG,1
DSC06649.JPG,1
DSC06650.JPG,1
DSC06651.JPG,1
DSC06653.JPG,1
DSC06654.JPG,1
DSC06655.JPG,1
DSC06656.JPG,1
DSC06657.JPG,1
DSC06658.JPG,1
DSC06659.JPG,1
DSC06660.JPG,1
DSC06661.JPG,1
DSC06662.JPG,1
DSC06663.JPG,1
DSC06664.JPG,1
DSC06665.JPG,1
DSC06666.JPG,1
DSC06667.JPG,1
DSC06668.JPG,1
DSC06669.JPG,1
DSC06670.JPG,1
DSC06671.JPG,1
DSC06672.JPG,1
DSC06673.JPG,1
DSC06674.JPG,1
DSC06675.JPG,1
DSC06676.JPG,1
DSC06677.JPG,1
DSC06678.JPG,1
DSC06679.JPG,1
DSC06680.JPG,1
DSC06681.JPG,1
DSC06682.JPG,1
DSC06683.JPG,1
DSC06684.JPG,1
DSC06685.JPG,1
DSC06686.JPG,1
DSC06687.JPG,1
DSC06688.JPG,1
DSC06689.JPG,1
DSC06690.JPG,1
DSC06691.JPG,1
DSC06692.JPG,1
DSC06693.JPG,1
DSC06694.JPG,1
DSC06695.JPG,1
DSC06696.JPG,1
DSC06697.JPG,1
DSC06698.JPG,1
DSC06699.JPG,1
DSC06700.JPG,1
DSC06701.JPG,1
DSC06702.JPG,1
DSC06703.JPG,1
DSC06704.JPG,1
DSC06705.JPG,1
DSC06835.JPG,1
DSC06842.JPG,1
DSC06843.JPG,1
DSC06844.JPG,1
DSC06845.JPG,1
DSC06846.JPG,1
DSC06847.JPG,1
DSC06848.JPG,1
DSC06849.JPG,1
DSC06850.JPG,1
DSC06851.JPG,1
DSC06852.JPG,1
DSC06853.JPG,1
DSC06854.JPG,1
DSC06855.JPG,1
DSC06856.JPG,1
DSC06857.JPG,1
DSC06858.JPG,1
DSC06859.JPG,1
DSC06860.JPG,1
DSC06861.JPG,1
DSC06862.JPG,1
DSC06863.JPG,1
DSC06864.JPG,1
DSC06865.JPG,1
DSC06866.JPG,1
DSC06867.JPG,1
DSC06868.JPG,1
DSC06869.JPG,1
DSC06870.JPG,1
DSC06871.JPG,1
DSC06872.JPG,1
DSC06873.JPG,1
DSC06874.JPG,1
DSC06875.JPG,1
DSC06876.JPG,1
DSC06877.JPG,1
DSC06878.JPG,1
DSC06879.JPG,1
DSC06880.JPG,1
DSC06881.JPG,1
DSC06882.JPG,1
DSC06883.JPG,1
DSC06884.JPG,1
DSC06885.JPG,1
DSC06886.JPG,1
DSC06887.JPG,1
DSC06888.JPG,1
DSC06889.JPG,1
DSC06890.JPG,1
DSC06891.JPG,1
DSC06892.JPG,1
DSC06893.JPG,1
DSC06894.JPG,1
DSC06895.JPG,1
DSC06896.JPG,1
DSC06897.JPG,1
DSC06898.JPG,1
DSC06899.JPG,1
DSC06900.JPG,1
DSC06901.JPG,1
DSC06902.JPG,1
DSC06903.JPG,1
DSC06904.JPG,1
DSC06905.JPG,1
DSC06906.JPG,1
DSC06907.JPG,1
DSC06908.JPG,1
DSC06909.JPG,1
DSC06910.JPG,1
DSC06911.JPG,1
DSC06912.JPG,1
DSC06913.JPG,1
DSC06914.JPG,1
DSC06915.JPG,1
DSC06916.JPG,1
DSC06917.JPG,1
DSC06918.JPG,1
DSC06919.JPG,1
DSC06920.JPG,1
DSC06921.JPG,1
DSC06922.JPG,1
DSC06923.JPG,1
DSC06924.JPG,1
DSC06925.JPG,1
DSC06926.JPG,1
DSC06927.JPG,1
DSC06928.JPG,1
DSC06929.JPG,1
DSC06930.JPG,1
DSC06931.JPG,1
DSC06932.JPG,1
DSC06933.JPG,1
DSC06934.JPG,1
DSC06935.JPG,1
DSC06936.JPG,1
DSC06937.JPG,1
DSC06938.JPG,1
DSC06939.JPG,1
DSC06940.JPG,1
DSC06941.JPG,1
DSC06942.JPG,1
DSC06943.JPG,1
DSC06944.JPG,1
DSC06945.JPG,1
DSC06946.JPG,1
DSC06947.JPG,1
DSC06948.JPG,1
DSC06949.JPG,1
DSC06950.JPG,1
DSC06951.JPG,1
DSC06952.JPG,1
DSC06953.JPG,1
DSC06954.JPG,1
DSC06955.JPG,1
DSC06956.JPG,1
DSC06957.JPG,1
DSC06958.JPG,1
DSC06959.JPG,1
DSC06960.JPG,1
DSC06961.JPG,1
DSC06962.JPG,1
DSC06963.JPG,1
DSC06964.JPG,1
DSC06965.JPG,1
DSC06966.JPG,1
DSC06967.JPG,1
DSC06968.JPG,1
DSC06969.JPG,1
DSC06970.JPG,1
DSC06971.JPG,1
DSC06972.JPG,1
DSC06973.JPG,1
DSC07113.JPG,1
DSC07114.JPG,1
DSC07115.JPG,1
DSC07116.JPG,1
IMG_6573.Jpeg,1
IMG_6574.Jpeg,1
IMG_6575.Jpeg,1
IMG_6576.Jpeg,0
IMG_6577.Jpeg,1
IMG_6581.Jpeg,1
IMG_6582.Jpeg,1
IMG_6583.Jpeg,1
IMG_6585.Jpeg,1
IMG_6587.Jpeg,1
IMG_6588.Jpeg,0
IMG_6589.Jpeg,1
IMG_6590.Jpeg,0
IMG_6591.Jpeg,1
IMG_6592.Jpeg,1
IMG_6593.Jpeg,0
IMG_6594.Jpeg,1
IMG_6595.Jpeg,1
IMG_6596.Jpeg,1
IMG_6597.Jpeg,1
IMG_6598.Jpeg,1
IMG_6599.Jpeg,0
IMG_6600.Jpeg,0
IMG_6601.Jpeg,1
IMG_6603.Jpeg,1
IMG_6604.Jpeg,0
IMG_6605.Jpeg,0
IMG_6606.Jpeg,1
IMG_6607.Jpeg,1
IMG_6608.Jpeg,1
IMG_6609.Jpeg,0
IMG_6610.Jpeg,1
IMG_6611.Jpeg,1
IMG_6612.Jpeg,1
IMG_6613.Jpeg,1
IMG_6614.Jpeg,1
IMG_6615.Jpeg,0
IMG_6616.Jpeg,1
IMG_6617.Jpeg,1
IMG_6618.Jpeg,1
IMG_6619.Jpeg,1
IMG_6620.Jpeg,1
IMG_6622.Jpeg,1
IMG_6623.Jpeg,1
IMG_6624.Jpeg,1
IMG_6625.Jpeg,1
IMG_6626.Jpeg,0
IMG_6627.Jpeg,1
IMG_6628.Jpeg,1
IMG_6629.Jpeg,1
IMG_6630.Jpeg,1
IMG_6631.Jpeg,0
IMG_6632.Jpeg,0
IMG_6633.Jpeg,1
IMG_6634.Jpeg,0
IMG_6635.Jpeg,1
IMG_6636.Jpeg,1
IMG_6637.Jpeg,1
IMG_6638.Jpeg,1
IMG_6639.Jpeg,1
IMG_6640.Jpeg,1
IMG_6641.Jpeg,1
IMG_6642.Jpeg,0
IMG_6643.Jpeg,0
IMG_6644.Jpeg,0
IMG_6645.Jpeg,0
IMG_6647.Jpeg,1
IMG_6648.Jpeg,1
IMG_6649.Jpeg,1
IMG_6650.Jpeg,1
IMG_6651.Jpeg,1
IMG_6652.Jpeg,1
IMG_6653.Jpeg,1
IMG_6654.Jpeg,1
IMG_6655.Jpeg,1
IMG_6656.Jpeg,1
IMG_6657.Jpeg,0
IMG_6661.Jpeg,0
IMG_6662.Jpeg,0
IMG_6663.Jpeg,0
IMG_6664.Jpeg,1
IMG_6665.Jpeg,1
IMG_6667.Jpeg,1
IMG_6668.Jpeg,1
IMG_6669.Jpeg,1
IMG_6670.Jpeg,0
IMG_6671.Jpeg,0
IMG_6673.Jpeg,0
IMG_6674.Jpeg,1
IMG_6675.Jpeg,1
IMG_6676.Jpeg,1
IMG_6677.Jpeg,1
IMG_6678.Jpeg,1
IMG_6679.Jpeg,1
IMG_6680.Jpeg,1
IMG_6681.Jpeg,1
IMG_6682.Jpeg,0
IMG_6683.Jpeg,1
IMG_6684.Jpeg,0
IMG_6685.Jpeg,1
IMG_6686.Jpeg,1
IMG_6687.Jpeg,1
IMG_6688.Jpeg,1
IMG_6689.Jpeg,1
IMG_6690.Jpeg,0
IMG_6691.Jpeg,1
IMG_6692.Jpeg,1
IMG_6693.Jpeg,1
IMG_6694.Jpeg,0
IMG_6695.Jpeg,1
IMG_6696.Jpeg,0
IMG_6697.Jpeg,0
IMG_6698.Jpeg,0
IMG_6699.Jpeg,0
IMG_6700.Jpeg,0
IMG_6701.Jpeg,0
IMG_6702.Jpeg,0
IMG_6703.Jpeg,0
IMG_6704.Jpeg,0
IMG_6705.Jpeg,0
IMG_6706.Jpeg,0
IMG_6707.Jpeg,1
IMG_6708.Jpeg,1
IMG_6709.Jpeg,0
IMG_6710.Jpeg,1
IMG_6711.Jpeg,1
IMG_6712.Jpeg,1
IMG_6713.Jpeg,1
IMG_6714.Jpeg,0
IMG_6715.Jpeg,1
IMG_6716.Jpeg,0
IMG_6717.Jpeg,1
IMG_6718.Jpeg,0
IMG_6719.Jpeg,0
IMG_6720.Jpeg,1
IMG_6721.Jpeg,1
IMG_6722.Jpeg,1
IMG_6723.Jpeg,1
IMG_6724.Jpeg,1
IMG_6725.Jpeg,1
IMG_6726.Jpeg,1
IMG_6727.Jpeg,0
IMG_6728.Jpeg,1
IMG_6729.Jpeg,0
IMG_6730.Jpeg,1
IMG_6731.Jpeg,0
IMG_6732.Jpeg,0
IMG_6733.Jpeg,1
IMG_6734.Jpeg,0
IMG_6735.Jpeg,0
IMG_6736.Jpeg,0
IMG_6737.Jpeg,0
IMG_6738.Jpeg,0
IMG_6739.Jpeg,0
IMG_6740.Jpeg,0
IMG_6741.Jpeg,0
IMG_6742.Jpeg,0
IMG_6743.Jpeg,0
IMG_6744.Jpeg,0
IMG_6746.Jpeg,0
IMG_6747.Jpeg,1
IMG_6748.Jpeg,1
IMG_6749.Jpeg,1
IMG_6751.Jpeg,1
IMG_6752.Jpeg,0
IMG_6753.Jpeg,0
IMG_6755.Jpeg,1
IMG_6756.Jpeg,1
IMG_6757.Jpeg,1
